Workbook

Sheet Source

Sheet Data 2022
A1: Team | B1: Player | C1: Position | D1: Salary
A2: New York Mets | B2: Max Scherzer | C2: Starting Pitcher | D2: 43333333
A3: Los Angeles Angels | B3: Anthony Rendon | C3: Third Baseman | D3: 36000000
A4: New York Yankees | B4: Gerrit Cole | C4: Starting Pitcher | D4: 36000000
A5: Los Angeles Angels | B5: Mike Trout | C5: Center Fielder | D5: 35450000
A6: Minnesota Twins | B6: Carlos Correa | C6: Shortstop | D6: 35100000
A7: St Louis Cardinals | B7: Nolan Arenado | C7: Third Baseman | D7: 35000000
A8: New York Mets | B8: Jacob deGrom | C8: Starting Pitcher | D8: 33500000
A9: Texas Rangers | B9: Corey Seager | C9: Shortstop | D9: 32500000
A10: Detroit Tigers | B10: Miguel Cabrera | C10: Designated Hitter | D10: 32000000
A11: Los Angeles Dodgers | B11: David Price | C11: Relief Pitcher | D11: 32000000
A12: New York Mets | B12: Francisco Lindor | C12: Shortstop | D12: 32000000
A13: San Diego Padres | B13: Manny Machado | C13: Third Baseman | D13: 30000000
... A842: Washington Nationals | B842: CJ Abrams | C842: Shortstop | D842: 700000

Sheet Analysis
A1: Measures of Central Tendencies | E1: Empirical Rule Check | F1: Lower Limit | G1: Upper Limit | H1: Count of Salaries | I1: Salaries
A2: Mean Salary | B2: =AVERAGE('Data 2022'!D2:D842) -> 3940578.8 | E2: Mean +/- 1 SD | F2: =B2-B18 -> -2437355.7 | G2: =B2+B18 -> 10318513 | H2: =COUNTIFS('Data 2022'!D2:D842, ">=" &F2, 'Data 2022'!D2:D842, "<="& G2) -> 750 | I2: =H2/H5 -> 0.89179548
A3: Median Salary | B3: =MEDIAN('Data 2022'!D1:D842) -> 723600 | E3: Mean +/- 2 SD | F3: =B2-(2*B18) -> -8815290.2 | G3: =B2+(2*B18) -> 16696448 | H3: =COUNTIFS('Data 2022'!D3:D843, ">=" &F3, 'Data 2022'!D3:D843, "<="& G3) -> 790 | I3: =H3/H5 -> 0.93935791 | J3: Salaries outside 3 SDs | K3: =COUNT('Data 2022'!D2:D842)-Analysis!H4 -> 23
A4: Mode Salary | B4: =MODE('Data 2022'!D2:D842) -> 700000 | E4: Mean +/- 3 SD | F4: =B2-(3*B18) -> -15193225 | G4: =B2+(3*B18) -> 23074382 | H4: =COUNTIFS('Data 2022'!D4:D844, ">=" &F4, 'Data 2022'!D4:D844, "<="& G4) -> 818 | I4: =H4/H5 -> 0.97265161
G5: Total | H5: =COUNT('Data 2022'!D2:D842) -> 841
A7: Percentiles & Quartiles | E7: Shape of Distribution
A8: Minimum Salary | B8: =MIN('Data 2022'!D2:D842) -> 700000 | E8: Skewness | F8: =SKEW('Data 2022'!D2:D842) -> 2.8115186
A9: Maximum Salary | B9: =MAX('Data 2022'!D2:D842) -> 43333333 | E9: Kurtosis | F9: =KURT('Data 2022'!D2:D842) -> 8.6846262
A10: Q1 | B10: =QUARTILE('Data 2022'!D2:D842,1) -> 700000
A11: Q2 | B11: =QUARTILE('Data 2022'!D3:D843,3) -> 4412500
A12: Q3 | B12: =B11-B10 -> 3712500
A15: Measures of Variability | E15: Visualizations
A16: Range | B16: =B9-B8 -> 42633333 | E16: Histogram
A17: Variance(sample) | B17: =_xlfn.VAR.S('Data 2022'!D2:D842) -> 4.0678049e+13 | E17: Boxplot
A18: Standard Deviation(sample) | B18: =STDEV('Data 2022'!D2:D842) -> 6377934.5
